Marvin, 384
Kenny G, 15
Pizza Man, 8
Osric, 9
Voice Notification, 26
Punk, 2
Researcher 1, 114
Putin, 64
Other Soldiers, 5
Hula Dancers, 9
Nurse Goodly, 16
Anchor Man, 77
A Council Member, 3
Mr. Gueermo, 221
All three, 6
Soloist, 17
Randy's profile, 8
Miner 1, 109
The class, 3
Homeless Advisor, 153
Elderly Man 1, 15
Tad and friends, 2
Man in crowd, 1
Kevin, 210
A Banana, 8
Both Parents, 2
Woman 7, 8
Astronaut 2, 21
A Girl, 26
Tron Soldier, 5
Lead Screener, 57
Muslim, 1
Mother, 83
Lesbians, 4
Pedo 4, 2
Romanian Protesters, 4
Associate, 14
Blond Trekker, 25
Chamber of Farts Operator, 23
Crab People, 2
Slim Reporter, 27
Harris, 132
Stab, 17
Manning, 14
Britney, 64
Woman 1, 244
Lab Tech 2, 5
Gnome 4, 5
The Ramseys and Condit, 3
Reenactors, 4
Centers and Right, 12
Ben, 128
Sheila, 1179
Miner 3, 33
Print Reporter, 13
Librarian, 51
Michael Chertoff, 330
Cartman on Left, 27
Instructors, 4
Boys 1/2, 8
Kanye, 423
Big Man, 24
Yo Gabba Gabba, 1
Resident 1, 60
Sparky, 3
Redneck 30, 1
EOD Leader, 31
TV Announcer, 70
Peter Panda, 40
Shopper 4, 36
Larger Group, 11
Sawitzky, 35
Resident 5, 9
Two SWAT men, 2
Teen Girl, 58
Fan wearing #74, 3
Patrick Duffy, 9
Woman 8, 1
Eager Man, 1
Engineer, 12
Burly man, 20
The Kardashians, 1
Ben Rothlisberger, 8
Purity Boy 3, 10
TV Crew Director, 14
Fred Savage, 2
Somebody, 3
Kelly Pinkertonstinfurter, 1
A crewman, 2
Shopper 5, 9
Al Roker, 45
Brandon Carlile, 96
Wife, 92
John, 25
Gary, 349
Pirate Voice, 1
Teen Boy 6, 66
Broderick, 28
Vice President, 97
Other Students, 1
Fan wearing #82, 3
Odd Boy, 37
Alien 1, 4
Captain Hindsight, 227
The TV, 4
Nicki, 6
Mrs. Sanders, 5
Women, 10
Sixth Grader 9, 10
Right, 8
Aunt Nellie, 39
Pedo 3, 8
Corey, 188
Kids around Timmy, 1
Stallone, 12
Company rep, 53
An Anchorman, 16
McGee-zax, 106
Mr. Hankey, 608
Angelina Jolie, 2
Bodyguard, 3
Broloff, 171
A Melvin, 10
Fan wearing a blue star, 5
Radio Host, 41
Resident 6, 8
Greeley Batter, 1
Male Sailor 2, 1
Marilyn Manson, 9
German 1, 5
Mr. Stevens, 16
Woman With Brown Hair, 49
Protestor #4, 2
Angel 1, 3
Kelly Menskin, 1
A Dentist, 2
UAA 1, 18
Santa, 313
Doctor 1, 21
Chief Justice, 112
Lola, 129
Female voice, 1
Carrot Ass, 29
Swiss Delegate, 31
Roadie 2, 8
Spielberg, 74
Kevin Harris, 112
Natsako Semu, 6
Operative, 2
Postum, 167
Gloria Allred, 58
Adolf, 26
Alex Spanos, 16
Thin Plumber, 14
Man with Terrible Skin Condition, 118
NAMBLA Leader, 177
The three men, 2
Christine, 71
Mephesto, 622
Witches, 9
Alias 4, 9
DVDA, 13
Kindergarten boy, 6
Diners, 7
Blood 5, 6
Mrs. Testaburger, 86
Other Officers, 9
Guests, 11
Sheep, 1
Ishmael, 1
Castro, 3
Chris, 646
Rabbi 3, 20
Other NAMBLA Men, 4
Asian Reporter, 41
Elephant Man, 71
Mimsy, 248
Ashley, 8
Guests in line, 1
The three adults, 1
Niles, 293
Boss, 72
Jerry Sanders, 38
Bishop 2, 3
Bum, 27
Officers, 4
Harvey Brown, 96
The Broflovskis, 6
Man 21, 4
Cowboy 2, 8
Enrique, 1
Chef and Principle Victoria, 1
Frothgar, 46
Male Anchor, 12
Alien 3, 1
Jimmy Buffet, 3
Nelson, 178
Principa Victoria, 1
News 4 Reporter, 123
FC Team, 4
Denver Player 2, 11
Hancock, 28
Greeley Man, 3
Girl 3, 24
Reveler 1, 1
Townsperson 1, 6
Townsman 10, 2
Officer, 247
UAA 3, 16
Alien Man, 107
Yanogapa, 1
Robber 4, 21
Mr. Jarvis, 27
Operator, 229
R. Kelly, 58
Bum 11, 4
Nancy Kerrigan, 1
Doctor, 823
Johnny, 15
Rancid, 17
Obama, 436
Redneck 12, 2
American Male 1, 11
Male CPS Agent, 46
Agent 12, 14
Elders, 8
Poor Girl, 10
The Human Kite, 36
Teen Boy 4, 1
Reeve, 183
Vendor, 5
Emo Boy 1, 28
Ferrari, 7
Lamb Chop, 39
Comrade 2, 8
Loogie, 234
Porsche, 96
Karl Rove, 10
Al, 48
Constance, 9
Derek, 27
Man 28, 4
Regis, 41
More Voices, 2
Japanese Man 2, 6
Sixth Graders 2/3, 1
Priest 4, 5
Denver Fans, 1
Mr. Kincade, 219
Shopper 11, 3
Mrs. Tweak, 160
Individual in crowd, 4
Anchorman 2, 17
Tom Vilsack, 138
Protester 5, 1
Fat Man, 30
Blond Agent, 18
Short Reporter, 39
Maintenance Guy, 39
Carlos, 2
Tom Green, 10
Elderly Man 5, 2
Hall Monitor, 13
Mrs. Stevens, 89
Female Aide, 8
The New Lyrics, 104
Ensign, 4
Ugly Bob, 202
Random Voices, 3
Police Captain, 40
Penis, 15
Old-Timer, 17
Blonde Russian, 16
Refugee Man 1, 5
American, 3
Martin, 41
Formena, 5
Chief Joe, 66
Judge, 333
Scientist 3, 6
Other kids, 9
Prof. Thomas, 122
Ethiopian, 7
Fuhrman, 54
Indian Chief, 43
Rescuer 4, 6
FBI Leader, 29
Mayor McDaniels, 540
Don King, 40
Whistlin' Willy, 19
Lesbian 6, 15
Tuong Lu Kim, 358
Cowboys, 5
Mountie, 10
Elderly Tree Hugger, 5
Muhammad, 3
Referee 2, 5
Ticket Teller, 17
Jeff, 214
A Nun, 2
Paul Shaffer, 2
Rescuer 6, 5
John Edward, 236
Recruits, 1
Duncan, 30
Lenora, 3
Bee Alien, 21
Clinton, 90
Cochran, 141
Official 1, 72
Gordon Stoltski, 54
Mr. Torres, 1
American Male 3, 2
Mr. Slave, 276
Mel Gibson, 42
Boyfriend, 30
Sonny, 27
Mr. Hat Actor (!), 4
Translator, 27
Paul Harris, 50
With Choir, 41
Kyle., 3
Someone, 12
Madonna, 5
African-American, 56
Elderly Woman 1, 19
Russia, 6
Jason, 140
Refugee Man 4, 27
Ms. Garrison, 85
Redneck 8, 15
Hare 1, 2
Researcher, 183
Man in Barrel, 4
Other Men, 8
Frat Boy 2, 1
Biker 4, 13
Blood 4, 17
Tad's friends, 2
Redneck 27, 2
Café 180 Patron, 10
M.C, 10
Chorus, 8
Elderly Man 9, 10
Guy in Audience, 2
Gay Lion, 1
Supporter 4, 2
Gandalf, 42
Lexus, 133
Paul Stanley, 38
The Situation, 20
Artsy Man, 11
Cop, 16
Center Gnome, 4
Scott, 657
Towelie, 384
Ellen DeGeneres, 45
Indian 1, 14
Large Crip, 5
Ramdu, 7
Hooded Figure, 59
Cabbie, 17
Sylvester, 1
Taco Bell Exec, 39
Other priests, 3
Kevern Zaksor, 51
Ben Affleck, 2
Selena Gomez, 16
Angel 7, 4
Stockbroker, 62
Stephen, 1089
Melvins, 6
A Doctor, 17
Goth Voice, 14
Townspeople, 5
Shari, 19
Jenny's Mother, 12
Chad, 65
Shopper 8, 3
Photographer 3, 2
Dale, 4
Protestor #2, 7
Firkle, 94
Student, 95
Hillary, 94
Tall Goth, 100
Mr. Cotswolds, 188
Volunteer 4, 8
Woman, 672
Researcher 2, 14
With Boys, 8
Townsperson 3, 1
Grey Hat, 44
Country Singer, 41
TupperWear, 38
Redneck 16, 1
President Bush, 98
Warden, 106
Male Louse, 19
Member 7, 37
Agent Keen, 47
Specialist 3, 42
Tough Guy 1, 115
Preacher, 11
First Mate, 12
Bloodrayne, 20
Lollipop King, 63
Neo, 31
Big Blonde, 7
Adams, 75
Jogger, 13
Cat, 10
SNN anchor, 12
Protester 3, 13
Elderly Priest, 46
Blonde Nurse, 9
Lesbian 7, 11
Katie, 84
Other Cardinals, 2
Paparazzo 7, 10
Elderly Woman 6, 9
Kids, 209
Princess, 30
Mr. Dawkins, 224
Disney Exec 2, 14
Huddle, 1
Jim Irsay, 34
Eric Roberts, 15
Dan, 129
Squirrely, 101
A Fan, 5
Vet, 54
Joe Jonas, 23
Maggie, 73
Japan, 35
Rebecca, 180
SWAT Officer 5, 4
Pedo 2, 12
Palin, 120
Biker 9, 1
Brad Paisley, 25
Brunette 3, 5
Three kids, 7
Citizen 2, 6
Nibblet, 12
Lead Soldier, 9
Spiky Vampire, 25
TAPS, 1
Tech 7, 10
Commentator 2, 41
Fingerbang, 30
Mr. Turner, 54
Commander, 259
Jakovasaur Kid 4, 2
Jesse Jackson, 65
Dreadlocked PeTA man, 15
The others, 1
Salesman, 49
Dean Howland, 47
Mona, 22
Conan O'Brien, 54
Waitress, 122
Chris Martin, 77
Man In Wheelchair, 2
Freddy Krueger, 77
People, 13
FC Pitcher, 50
Finland, 34
Policeman 1, 31
Lab Tech 1, 36
Mother 1, 10
Advisor, 21
Jessica, 40
Towel, 7
Geologist 1, 10
Bum 6, 1
Elderly Man 8, 10
Natalie, 59
Gary Johnson's profile, 7
Mr. Garrison Sr., 135
Driver 2, 59
Most Senators, 1
Ostrich-baby, 3
Marklar, 51
Hat McCollough, 25
Mr. Meryl, 162
Tech 5, 9
UAL Member 1, 1
Perseus, 63
Mayor, 906
Xerxes, 82
Tooth Decay, 9
Rosie O'Donnell, 82
Teen Girl 2, 22
Incredibly Obese Black Man, 10
John Walsh, 62
Ginger Boy, 43
Mr. Valmer, 24
Mailman, 79
Sailor, 10
Mrs. Gueermo, 53
Lead Ginger, 39
Lois, 30
Lesbian 5, 4
Donald Rumsfeld, 5
Lamont, 195
Crew, 2
Redneck 19, 10
Fifth Grader, 62
Another Ambassador, 25
Biker 6, 61
Netzel, 154
Webber, 46
Al Gore, 344
Fillmore and Friend, 1
Man on Porto Potty, 32
Pirate 1, 17
Magician, 16
Polly Prissypants, 106
Principal Victoria, 984
Guest, 38
Terrorists, 1
Great-Great-Grampa, 53
Jerry, 23
Future Butters, 12
Blonde Judge, 2
Bum 9, 7
Alex, 51
Strummer, 16
Husband, 78
Stranger, 16
Some men, 5
Profile 1, 8
Sandy Cervix, 99
Older sister, 1
Mrs. Tucker, 29
Mr. Harris, 30
A Cowboy, 17
Stevens, 10
McDonald's Exec, 119
Mr. Black, 18
Gary Coleman, 3
British Delegate, 20
Female Psychic, 69
A Teacher, 18
Jamie, 25
Fan wearing #3, 8
Brent Musberger, 6
Lesbian 9, 3
Exec. 4, 3
Rescuer 2, 27
Stewart, 106
Blond Knight, 18
Frederick, 131
Boy, 179
Patrick Swayze, 25
Eric Roberts (as Kevin!), 22
Kale, 33
Blond Russian, 21
Passenger 2, 9
Gary Sr., 139
Foreman, 59
Rod, 11
Lice, 2
Thompson, 20
Assemblyman 3, 6
KKK Leader, 107
Page, 37
Older Worker, 19
Union Reenactors, 1
Stan, 5294
Melita, 36
Michael Buffer, 42
Randy Singing, 8
Det. Harris, 251
AA Speaker, 11
Anchor Tom, 183
Cult Leader, 67
Some people, 4
Sledders, 1
and Wendy, 1
M. Night Shyalaman, 37
Comrade 1, 10
Jabs, 71
Mr. Takiyama, 125
Board Rep, 142
Fisherman, 19
Q Money, 51
Man in briefs, 8
Officer 8, 14
Ned, 288
Uncle Jimbo, 51
Cat Burglar, 15
FOX President, 178
Tactical Officer, 14
Magic, 97
Joanie Cunningham, 2
Mr. Hakeem, 66
Clerk 3, 58
Springer, 8
Madame Foreperson, 22
DC Crewmen, 4
Reveler 2, 7
Pirate Ghost cutout, 1
Female Voice, 54
Driver 5, 9
Kenya, 5
Cast, 31
Heidi's Mom, 11
Pirate 3, 12
Jacqueline, 27
Fifth Graders, 1
Blond agent, 1
President Clinton, 78
Mr. Adams, 229
Circlovich, 10
Bros, 1
British Cardinal, 49
Kyles, 1
Road Warrior Queef, 21
Man 19, 4
Singers, 364
Jakovasaur Kid 2, 3
Jason Voorhees, 17
Celine, 11
Proprietor, 4
Runs With Premise, 62
Drew, 24
Big-Eared Boy, 18
Joe, 359
Sixth Grader 2, 58
Denver Team, 1
Blavius, 131
Colleague 2, 10
Contestant 2, 7
Diner 3, 7
Diner 4, 7
Mall Bunny, 56
Rider 2, 4
Wendy, 1316
Mr. Jabs, 65
Sharon, 1505
Bellboy, 14
Cartman's Good Side, 17
Factory workers, 25
Various Folk, 1
All the kids, 1
Gerry's Daughters, 1
General Disarray, 21
Beary Bear, 38
Crips, 5
Gino, 47
Aussie Crewman, 4
Bookie, 15
Member 5, 21
Leslie, 178
Exec. 1, 50
Schwartz, 31
Bob Saget, 133
Gambler 4, 7
Denver Player, 8
Looter 1, 4
Director 6, 13
Walsky, 40
Crewman, 7
War Protester, 16
Hopkins, 40
Redneck 17, 3
Tall Goon, 11
Annoucer, 18
SWAT Officer 4, 10
Mrs Cartman, 1
Barnaby Jones, 19
Trashman, 10
Mr. Tumnus, 9
Blacksmith, 6
A man, 13
Token, 721
Road Workers, 7
Blind Man, 5
A Few People, 1
TSA Agent 2, 40
Priest, 202
Sawitsky, 66
Mr. Johnson, 12
Bertha, 14
Registrar, 28
Conner, 46
Ms. Ellen, 224
Ween, 13
Mr. Testaburger, 108
Suicide 2, 1
Mr. Foley, 146
A singer, 14
Flannagan, 25
Tom Nelson, 43
Mediator, 68
Scientist 2, 82
Richard, 295
Little Chef, 62
Official, 140
All, 133
Stan/Kyle/ Cartman, 3
Demonius, 47
Injured Man, 10
Falsetto, 37
Michelle Obama, 77
Laborer 2, 30
Mr.Mackey, 8
Gary Nelson, 47
People in Crowd, 8
Sound man, 38
Randy Newman, 67
Redneck 7, 6
Hare 3, 5
Brunet Trekker, 31
Teen Boy 2, 21
Figure 1, 25
Townsman 7, 11
Charlie, 111
The Wizard, 16
Assistant 1, 4
Craig's Father, 14
Woodpeckery, 16
Stuart, 565
The Colonel, 115
HC Driver 1, 1
Female Host, 24
Randy's Boss, 9
Two Small Voices, 1
Bailiff, 8
Mr. Hat, 234
Benjamin, 2
Black Officer, 10
Other acts, 1
Kip's Dad, 51
Member 4, 1
Boy Sledders, 1
Butt Out! Lady, 30
Paramedic, 45
Camp Soldier, 24
Older Louse, 39
Minstrel, 62
Groundskeeper, 14
The Ramseys, 6
Redneck 10, 12
Keenan, 159
Man 3, 272
Cliff, 65
Announcer 1, 94
Kyle Schwartz, 142
Hobo, 22
Harrison Moore, 127
Time Child, 160
Mrs. Tenorman, 19
Stan/Kyle/ Kenny, 1
Mr. Circlovich, 5
Chris Holt, 70
Otter Leader, 47
Hippie 4, 7
Sgt. Yates, 366
Townsman 3, 8
Townswoman 1, 2
Domino, 3
Barker, 161
Rescuer 3, 13
Jimbo Kern, 5
Black Woman, 6
An old farmer, 74
Ride Operator, 7
Redheaded Prostitute, 6
Rockety Rocket, 18
Bob Summers, 43
Louse 13, 14
Officer 6, 24
Icarus, 11
Charlie Rose, 127
Alias 3, 8
The other men, 1
Raccoony, 45
Colleague 1, 16
Aslan, 228
Boombox, 62
Agent 8, 19
Romper Stomper, 182
Milo, 11
Janet, 323
Bald Guy, 18
Agent Marx, 27
Angel 2, 3
Soldier 3, 61
Chase, 36
Copilot, 38
Alec Baldwin, 104
Chief elder, 181
Louse 6, 3
Craig, 825
Her Blossom, 7
Bebe, 638
Chef and James Taylor, 2
Jake, 9
Scout, 24
Damanta Unit 5, 1
Yoko Ono, 66
Police drone, 15
Looter 2, 9
Frank Hammond, 39
UAA 2, 5
Peters, 4
Betsy MacIntosh, 53
Greeter, 42
Van Gelder, 61
Some Kids, 1
Rabbi 4, 14
Priest 3, 5
Heather, 38
Executive, 18
Tony Kornheiser, 47
Creature from the Black Lagoon, 15
Wing, 12
Falcon, 20
Old Man 2, 23
Blood, 8
Smithy, 64
Ballmer, 121
Professor Chaos, 278
Fiancée, 77
Gnome, 67
Mel, 153
Girl 2, 43
Bearded PeTA Member, 32
Dio, 49
Dream Estella, 8
Gardener, 106
Representative, 31
Blond Man, 99
Greeley Team, 4
Matt, 133
Missy, 4
Officer 10, 13
Geoff Hamill, 116
Daniel, 51
Stu, 28
Barkley, 17
Old Woman 2, 3
White Bitch, 13
Mrs. McCormick, 361
A Politician, 2
Jimbo, 1501
Dr. Katz, 61
The rest of the boys, 1
Japanese Woman, 6
Retarded Fish, 6
Cable Guy, 110
Executor, 71
Roostor, 1
Cartmen, 4
Mailman and Kids, 27
Ginger Boy 2, 17
Demon 1, 82
Mr. Tuong, 23
Barbra Streisand, 216
Wigger, 24
An Expert, 30
Jo, 31
Cardinal, 28
Mexicans, 2
OC Member 1, 53
Other Women, 4
Squirt, 32
Tea Bag Participant, 33
Grandmother Mother, 10
Patricia, 12
Priest 1, 64
Construction Worker, 36
Vacationer 1, 22
Apple Man 1, 77
Fat Girl, 26
Chocolate Rain Guy, 59
Number 24, 14
The Dragon, 20
Janitor 2, 2
Delivery Man, 19
Truck Driver, 153
Gerald Broflovski, 14
Inductees, 16
Mrs. Polk, 21
Obese Lady, 5
Dr. Hallis, 171
Yolanda, 13
Mr. Vladchick, 9
Yimenez, 5
Baby, 9
John Garner, 130
His Date, 10
Susan, 65
Ranger McFriendly, 148
Louse 3, 3
Referee, 95
Blond Member, 15
Younger Daughter, 5
Male Nurse, 31
Best Buy Rep, 24
Proctologist, 51
Gerald/Chris, 2
Reveler 5, 1
Creature, 13
Kris, 14
NAMBLA Member, 13
Sixth Grader 8, 1
Barbrady, 555
The Crew, 2
Member 2, 51
Lion Cub 3, 44
Dr. Chinstrap, 314
Mr. Weatherhead, 232
Refugees, 3
Other Sixth Graders, 2
Weird Hat Guy, 6
Hell Director, 37
The Tape, 68
Carter, 39
A Man, 28
Crowd Members, 1
Stan and Kyle, 15
HBC Reporter, 28
Elvin, 10
Devil, 9
TSA Agent 1, 32
Townsman 6, 26
Caller, 30
Other boys, 5
Muscleman Marc, 34
Oprah Winfrey, 48
Marcia, 7
Cavity Creeps, 5
Congressman, 1
Girl 2's Father, 21
Front Desk Officer, 22
The Giant, 8
Elton John, 24
ALF Member, 6
Elder Garth, 199
Frank, 223
Cinderella, 24
Mosquito, 152
Another kindergartner, 2
Band Member 1, 35
Bat Dad, 55
George Bailey, 35
Expert 7, 23
Scott Tenorman, 141
Buddha, 50
Toodee, 5
Donald, 6
Looter 3, 4
U.S. Army Official, 42
Teller, 126
Stan and Kenny, 2
Man 31, 4
Jim, 18
Female fan, 4
Eric Cartman, 54
Becker, 10
Citizen, 12
Spirit 2, 30
Guest 3, 3
Photographer 1, 3
Counselor Steve, 9
Mr. Kitty, 1
HotForBoys219, 43
Butler, 169
Mormons, 16
Side Judge, 6
Elderly Man 2, 24
Visitor Driver, 1
Cartman (Butters), 31
Coach Connors, 143
Voguing Skier, 18
Resident 15, 12
Sixth Graders, 7
Weasel, 5
With Females, 8
Confederate 1, 1
Mr. Donovan, 80
Celine Dion, 97
Younger Man, 6
Ozzy, 59
Shopper 7, 18
Mr. Williams, 3
President Obama, 138
Mr. Casher, 22
The Marshes' Answering Machine, 12
Other Vampires, 2
Twirler 2, 24
Jakovasaur Kid 3, 2
Greeley Officer 3, 27
Bob Thomas, 85
Nick Jabs, 14
Elder Schwartz, 27
A voice, 106
Redneck 18, 1
Dad, 226
Japanese Man 5, 6
Man in Vest, 24
Ike, 483
Hatoyama, 25
Mr. Sanders, 84
Elderly Man 4, 11
Mr. Wyland, 200
Russell Crowe, 384
Cowboy, 23
Josh, 330
Voice-Over, 63
The other kids, 8
President Calderón, 52
A cat, 1
Fr. Maxi, 19
Yamal, 11
Martha, 191
With the Damned, 13
Coach 2, 26
Midget, 36
Grandma Obama, 9
Denver Catcher, 8
Boy #2, 28
Mrs. Hollis, 18
K-10, 36
Prime Minister, 45
Moderator, 36
Soldiers, 15
Pilot, 150
Elder 1, 106
Unkempt Garrison, 47
Producer, 433
Legless Boy, 5
SWAT Hansen, 12
Rancher Bob, 167
Soldier 7, 2
Tad, 155
Aunt Flo, 81
Teen MC, 46
Black Man 2, 6
Native American Chief, 22
Fonzie, 10
Man 8, 84
A boy, 2
Halfy, 6
Terry, 175
Cop 1, 28
Athlete, 13
Pueblo Dad, 4
Assemblyman 1, 11
Louse 7, 26
Prince, 135
Fields, 5
Steven, 432
Lieutenant, 6
Terrance, 684
Persian, 3
Ed McMahon, 15
Critter, 6
Ranger, 39
Phl, 12
Receptionist 2, 22
John Elway, 24
Rebecca Turnod, 87
Soldier 5, 23
Cartman and Kyle, 2
Tech 2, 34
Quadraplegic Swiss man, 37
Fat Cop, 19
Oragne cat, 2
Bus Driver, 130
Male Sailor 1, 1
Brandy's Mom, 14
Reenactor 2, 1
Jinbo, 16
Number 37, 69
David Letterman, 34
Somali 2, 6
Man in Wheelchair, 59
Lady Protester, 21
Inductee, 1
Trapper Keeper, 16
Elderly Man 11, 5
New Yorker 2, 2
Player 1, 21
Mongolian, 3
Catatafish, 130
HC Driver 6, 25
FC Batter, 18
Steve Jobs, 209
Lab Tech, 18
Band Member 2, 21
GRRM, 217
Walter, 22
PeTA Man, 3
Official 2, 40
Joozian 2, 86
Fireman 1, 42
Guard 1, 95
Head Baker, 26
Sniper, 1
Det. Yates, 112
Suicide 1, 5
Black Bitch, 32
Captain Paul Watson, 3
Quint 4, 4
Marc, 28
Zeus, 30
Australia, 24
Tyler, 25
Demon 2, 12
Bronco 2, 6
Redneck 29, 4
Chinese kid, 4
Police Commissioner, 9
Driver 1, 31
Lesbian 8, 3
Orator 1, 35
Canadian, 4
HC Driver 3, 10
Reenactor 4, 1
People in Audience, 2
Crewman 2, 22
Laborer 1, 84
The Harrisons, 5
Host 1, 58
Townsman 11, 2
With boys, 20
Hollis, 134
Willy, 25
Girl 1, 89
Anchor 2, 3
Man in Back, 1
Petey/Boys, 1
Choir Teacher, 276
Megan, 2
Veronica, 103
Abraham Lincoln, 144
Breeder, 85
SNN Reporter, 102
Miss Aliton, 20
Layman, 31
Roma, 36
Dude, 42
Craig's father, 24
The kids, 4
Kid 3, 14
Dr. Lott, 133
P. Sanchez, 6
James Taylor, 17
ET Reporter, 33
Bar Patron, 2
Chief Running Water, 89
Both parents, 1
Black Man 3, 2
Jersey Man 2, 6
Tree hugger, 13
Fangirls, 2
Iraqi Man 2, 2
Hyde, 55
Billy's Mom, 10
Twirler 3, 9
Gacy, 38
Volunteer 1, 9
Shvek, 156
FOX 11 Anchor, 30
Woodland Critters, 23
Mr. Waters, 18
Turd Sandwich, 54
Expert 3, 17
Poor Mom, 21
New kid, 1
Campers, 24
Kelly Rutherfordmenskin, 1
Gerald and Sheila, 1
Alarm: Alert., 10
Aging Hippie Liberal Douche, 68
Mr. Adler, 255
Gingers, 40
Mr. Hollis, 47
Mrs. Garrison, 1085
Rancher, 172
Kids around Kenny, 1
Spectator 2, 22
Mrs, 10
Security Guard 1, 5
Big Gay Al, 396
Japanese Sailor, 3
Teen Boy, 39
BUDS Man, 35
Teen Boy 7, 4
Shelley, 33
Sound Man, 1
Tyler Perry, 70
Blonde Boy, 1
Robert Pooner, 147
Blood 1, 5
Posse, 22
Violet Hare, 8
Vamps, 2
Howard, 145
LSX Reporter, 7
Schlomo, 22
Bum 7, 9
Junjun, 21
Premise Running Thin, 1
Stuart and wife, 1
Cruise Attendant, 12
Mitch Harris, 14
Harold, 27
Guard 7, 3
and Receptionist, 1
Reporter 4, 38
Mrs. Feegan, 48
Staffer 2, 31
Co-Worker, 2
Teen Boy 3, 19
White Chef, 22
A skier, 7
Miley Cyrus, 25
and people on the field, 8
Sarah's Mom, 20
A hippie, 16
Howard Stern, 92
Mrs. Applegate, 2
Iron Maiden, 3
Supporters, 17
Woodsy Owl, 23
Elder 3, 14
Backup Singers, 2
Emir, 84
Man 9, 64
Phlllip, 2
Glen Dumont, 177
Photographer 2, 12
Cesar, 259
Bum 16, 3
Biker 15, 6
Local Announcer 1, 16
Bikers, 6
Creamy Goodness, 107
Elderly Lady, 7
Cheney, 4
Show Announcer, 10
Guard on Right, 9
Gambler 3, 11
Bum 3, 5
Rabbi 1, 148
Alvin, 8
Resident 3, 31
Dr. Janus, 291
Both Cartmans, 4
Robber 3, 19
Expert 4, 119
Man 15, 18
Hispanic Reporter, 90
CIA Leader 2, 59
Other fans, 2
Lady Member 2, 34
Russel Crowe, 18
Av 1, 28
Passenger 1, 34
Together, 50
NAMBLA leader, 75
Man in Crowd, 2
Mepehsto, 12
Korashki, 51
Sam, 9
Jenny, 121
Bennigan's Chef, 7
Toothpaste, 5
Mr. Farkle, 44
Director, 344
Everyone Else, 3
Mrs. Donovan, 47
Horatio, 44
Members, 16
A Sign-Holder, 2
Chief Elder, 29
Player 3, 8
Cheerleader 1, 2
Estella, 140
Some audience members, 2
Mickey Mouse, 104
Patrick, 20
Christina Aguilera monster, 2
Rescuer 1, 43
Mr. Harrison, 7
Janitor/Farmer 1, 90
Matt Stone, 17
Students, 4
Av 2, 1
Supporter 2, 8
Other Execs, 5
Mr. Appleby, 24
Steven Spielberg, 183
Xenu, 3
Vladimir, 89
A fan, 3
Customers, 2
Toby, 17
Phil Collins, 164
Dora, 13
Redneck 5, 13
Senator, 28
Mama, 112
Mr. Denkins, 11
French Canadians, 23
Ed Sullivan, 24
Human Kite, 178
Sergeant Yates, 8
Jessie, 27
News Anchor 2, 57
ATF Leader, 23
Louse 10, 11
Person, 81
Ron, 184
Man 13, 12
Date, 4
Scientist 5, 6
Boy In The Red Shirt, 48
Molly, 1
Resident 7, 3
Girls, 62
A bodyguard, 16
The Boys and The Brandos, 1
Mitch Conner, 228
Patron 1, 48
Scientist 1, 85
Squirt leader, 215
Pirate 8, 6
Mrs. Garrison Sr., 60
Earl, 5
Wise Man, 44
Fans, 13
Garrison's profile, 5
Crewman 4, 8
Red, 279
Brunet Man, 10
Voice 1, 4
Connelly, 184
Suicide 6, 1
A Page, 3
Filmore*, 1
NC 9 Reporter, 66
Programmer 4, 3
Lawrence, 49
Psycho Janus, 18
Mr. Garrison, 2466
Reporter 6, 3
Kurt Russell, 87
Jerry Jones, 7
Volunteer 2, 49
Frat Boy 1, 4
Protestor #5, 12
The other boys, 6
Clean Garrison, 74
Mr. Glughgogawk, 1
Expert 1, 84
Elderly man, 20
Mr. Feegan, 95
PA System, 24
Lady 2, 14
The Other Boys, 4
Sia, 10
Elderly Woman 3, 7
Dr. Oz, 104
All Celebrities, 1
Gabriel, 75
Leader, 203
Hankeys, 5
Esther, 4
Lucy, 36
Stan/Kenny/ Cartman, 11
Elder 2, 67
Cleric 1, 8
Singer (background singers), 110
Guide, 117
Saddam, 374
President Hirohito, 149
Emo Girl, 15
Redneck 25, 3
Border Officer 5, 3
David Carradine, 16
New Cartman, 134
Secret Service Agent, 5
Lead Alien, 38
Demon 3, 63
Coon's Friends, 5
Emo Boy, 8
Red Cross Dude, 34
Old Cap, 132
Damien, 146
Little Boy, 8
Leprechaun, 38
Judge Moses, 59
Crab Leader, 40
Paparazzo 9, 25
Mrs. Miller, 91
Danica Patrick, 20
Tom Davis, 55
Obese woman, 3
Female CPS Agent, 16
Standing Patron, 13
Treasurer 3, 26
Kyle, 5298
Sorcerer, 87
A Hall Monitor, 9
Dave, 68
Elderly Driver, 32
Other Seniors, 1
Afro Ninja, 22
Melvin 2, 8
Optometrist, 2
Tan Jovi, 18
Towelie Clone, 2
Alone, 12
Timmy, 153
Man 26, 4
Beelzeboot, 35
Tardy Man, 11
Trey Parker, 43
Expert 11, 6
Redhead, 23
Lawyer, 208
Matt Lauer, 53
Expert 8, 2
Man with Afro, 2
Kylie, 6
Uncle Corey, 3
Mortician, 45
SP Adults, 1
Dan Snyder, 158
Female Agent 2, 25
Ginger 3, 15
Mary, 63
Bulter, 7
Det. Jarvis, 72
Rosie, 14
DJ, 217
Officer 7, 58
Brother Anderson, 10
Kid's Mom, 17
Maitre D, 52
Simon, 5
Shake Weight, 167
McGuire, 7
Redneck 23, 3
Brunet, 147
Mrs. Garthunk, 155
Canadian Man, 14
Stan/Kyle, 7
John Ramsey, 79
Elder Carn, 6
Large Woman, 22
BP Man 1, 9
Teen Girl 1, 36
WCB President, 51
Shopper 9, 7
Male Activist, 4
Frances, 25
Toss-a-Ball Operator, 9
Middling Group, 6
Priest Maxi, 541
Sixth Grader, 20
UAA Member 2, 1
Gail, 2
Jakovasaurs, 3
Sister Anne, 200
Clyde Frog, 19
The Guys, 1
Nelly, 131
Tweek's Mom, 45
Townswoman 2, 2
Adam Sandler, 57
Frans, 165
A Catfish, 10
Ms. Turnod, 36
Grandmama, 95
P-Train, 39
All Gingers, 1
Bucky Bailey, 124
Man 2, 406
Middle Dwarf, 13
Bum 4, 1
Trainee Barbrady, 16
Grandma Marsh's profile, 10
Troupe, 7
Tom Snyder, 63
Jesus, 1021
Host 2, 48
Biker 10, 17
Michael Taylor, 15
Elderly Man, 85
Ninja 1, 3
Morgan, 33
New Yorker 1, 1
Kyle's Side, 1
Canadian Paparazzo, 30
Jamie Oliver, 20
Amir, 25
Nun, 17
Employee 2, 2
Elon Musk, 65
Skeeter, 423
Rabbi, 64
Moviegoer, 5
Male Host, 40
Gambler 2, 8
Carlos Mencia, 74
Jeff Gordon, 21
Loa Tse, 3
Man, 662
Denver Player 3, 7
News Reporter, 42
Kyle's Team, 3
Hare 4, 2
Biker 13, 16
Lesbian 4, 13
Deery Deer, 12
Poe, 147
Peterson, 53
Broncos, 1
Elton, 172
Quint 3, 50
Porcupiney, 38
Dr. Mephesto, 200
Tim Burton, 4
Apple Man 2, 2
Bear, 1
Female Reporter, 48
Expert 10, 23
Jeff White, 27
DJ AM, 33
Agent 3, 41
The Queer Eye Guys, 2
Danish Woman, 5
Rider 1, 13
Other campers, 1
Denver Pitcher, 23
Man 7, 118
Three Tortured Souls, 3
Guide 1, 11
Teen 1, 43
AARP member, 26
Treasurer 1, 37
Zombie, 4
Counselor, 82
Sgt. Masters, 16
Press Coordinator, 13
Chris Swollenballs, 82
Cartamn, 6
Disney Exec 1, 14
Male Diner, 28
Kal, 41
Mr. Connolly, 334
SNN Anchor, 106
Reporter 3, 126
The Wise One, 61
Marvin Marsh, 3
Woman 3, 72
Singer (and backup singers), 73
Emily, 11
Owner, 64
Michael Bay, 50
Bradley Biggle, 7
Germany, 14
Caller 3, 27
Coworker, 3
Rick, 358
Classmates, 1
The Kids of South Park Elementary, 70
Daughter, 44
Voice over, 12
Rich kid, 22
Blond, 130
Dominique and Zizi, 1
With Males, 8
Paparazzo 8, 14
Boy with Red Scarf, 3
Red Wings Coach, 3
Mingie, 302
Dispatcher 2, 8
Chief Running Pinto (Tommy Chong in his stoner voice), 15
Field Reporter 2, 27
The Boys (except Cartman) and Dr. Phillips, 4
The Minotaur, 37
Rabbi 5, 25
Guard 6, 17
Lead Agent, 55
Nadia, 12
Lion 2, 16
Transient Man 6, 26
Jakovasaur, 49
Townsman 4, 8
Bishop 3, 5
Foofa, 65
Tommy and His Dad, 2
Patsy Ramsey, 53
Spectator, 3
Alanis Morissette, 2
Varashnu, 18
Thomas McElroy, 9
Cheesy Poofs Commercial, 23
Buddy 1, 7
Old Monk, 52
Mr. Fun, 79
Joint, 34
Centers, 2
Redneck 4, 7
R. Wiley, 50
Rabbity Rabbit, 4
Cajun Shrimper, 45
Denver Cop, 8
Ride operator, 8
South Korea, 2
Sally, 150
Liane, 1114
The Other Members, 1
AARP Members, 2
Jack Brolin, 38
Redneck 24, 4
Confederate Reenactors, 1
A few people, 1
Fireman, 49
Uncle, 7
Gerald, 1443
Dr. Doom, 7
Osama bin Laden, 97
Number 17, 28
Chief of Security, 82
Commissioner, 1
Male Voice, 2
Tron Guy, 45
Schwarzenegger, 22
President Wulff, 104
Sixth Grader 3, 15
Mr. Nelson, 201
Cartman and the Gingers, 18
Paparazzo 3, 3
Condit, 5
Taller man, 9
Case Worker, 34
Supporter 5, 14
Bridon, 145
Attendant 1, 35
KoRn, 5
EVGames Clerk, 11
Miss Stevens, 239
Man 6, 99
CD, 9
Giant Douche, 68
Ticket 2974 Holder, 4
Kindergartners, 42
Mr. Leon, 2
Director 8, 13
Head Adventurer, 35
Editor, 28
Confederates, 2
Foley, 21
Mr. Jefferson, 5
Network President, 133
Señor Lopez, 22
Redneck, 8
Passer-by, 4
Jessica's Mom, 3
Boy Slave, 11
Mr. Hat 1, 7
Alton Brown, 45
Shawna, 81
Mrs. Garrsion, 30
Other girls, 1
Mysterion, 487
Bill O'Reilly, 74
Head of Programming, 80
Coon, 701
SWAT Officer 2, 104
Francis, 24
Patron 7, 1
Head Concierge, 9
Corporate Head, 17
A Terrorist, 1
Townsman 9, 7
Newt, 58
Aaron Brown, 130
Elderly Man 7, 6
CNN Anchor, 107
Laura Tucker, 16
Techs, 1
Oprah, 230
Family, 1
Mrs. Melman, 7
Replacement Friend, 2
Member 1, 117
Redneck 1, 5
Tough Boy 2, 17
Black Woman 2, 6
DC Crew, 3
Blackjack Dealer, 31
Cartman, 9580
Laertes, 77
Trent, 138
Melvin 1, 6
Male Member, 1
Townsman 1, 22
Driver 4, 7
Cartmans/Boys, 29
Ghandi, 10
Mr. Pirrip, 22
New Yorkers, 1
Dahmer, 56
Lt. Nelson, 59
News Announcer, 8
Cartman's Bad Side, 9
DP Executive 2, 7
Neo 2, 16
American Male 2, 8
Nobunaga, 8
Boy in Green Shirt, 61
TV Voice, 19
Reginald, 10
U.N. Leader, 44
Vanity, 62
A Red Wing, 4
McGillicuddy, 53
THC President, 179
Clyde, 762
Brazil, 2
Mr. Hart, 23
Expert 9, 163
Anchor, 816
Russian, 64
Protester 4, 8
Man With No Limbs, 27
Davis, 41
Puff Daddy, 89
Flora, 11
Carson replica, 7
Pimp, 43
Other classmates, 7
CNN Reporter, 67
Robber 1, 39
Usher, 40
Lead tech, 80
Deery, 44
Man in foreground, 1
Secret Service Leader, 20
Italy, 11
Lead Convict, 20
Protester 2, 13
Pan, 9
Biker 3, 5
Reenactor 3, 1
Louse 9, 20
Protestor #3, 29
Elderly Man 10, 3
Angel 11, 10
Romanian official, 23
OC, 1
Man 1, 461
A pilot, 4
Lead Referee, 11
Blood 3, 5
DOI 2, 87
Kelly, 198
Eugene Levy, 8
Radio Talk Show Host, 27
Younger man, 39
Dr. Roberts, 155
Cantor, 11
Man 14, 35
Redneck 22, 9
ManBearPig, 5
Robin Hood, 21
Midnight Vampire, 24
Orc, 9
Agent 9, 9
Employee 3, 12
Blond Officer, 9
Bishop, 155
Paramedic 1, 10
Someone in the crowd, 1
Monk, 2
Winner, 2
Brunet Member, 4
Townsman 14, 2
Larry, 331
Other Kids, 7
Guy in flat top, 2
Executive 1, 79
Old Folks, 2
Transient Man 1, 27
Spirit, 42
The Clergy, 9
OC Girl, 13
Stewie, 8
Rick Watts, 12
Two Girls, 2
Indy, 23
Teresa, 181
Spontaneous Bootay, 3
Douglas, 2
Resident 2, 22
The Doctor, 108
The Cotswolds, 6
New Kenny, 19
Red Cross Chick, 13
Caller 2, 14
Supporter 3, 7
Kenny's Mom, 52
Saddam Hussein, 81
Staffer, 20
Paris, 262
Bald Convict, 16
Officer 9, 5
Judge 3, 1
Glinda, 27
Assemblywoman 2, 39
The Avs, 3
General, 574
Emperor Akihito, 154
Tourist, 6
Cartman/ Kenny, 1
Stacy, 3
Congressmen, 6
Nick Nolte, 39
Ugly Girl, 2
Agent Clark, 75
Luke, 38
The other four, 1
Mimi, 15
Canyoner, 24
Joozian 1, 127
Treasurer 2, 30
Lady Member, 128
Class, 100
Girl, 160
Fan 2, 11
Hippies and Kyle, 3
Townsman 2, 27
Male 2, 22
Smoker, 10
Mr. Yelman, 36
Canadian PM, 87
Shopper 2, 48
Disney Exec 3, 13
Gordon, 43
Character, 1
Senator 3, 25
Paula Deen, 23
Angel 10, 4
Biggie Smalls, 6
Mrs. Streible, 1
Medic, 83
Orator 2, 42
Guard 9, 5
Other men, 9
Blond man, 15
Suicide 7, 4
Cops, 21
Nurse, 186
Younger Boy, 31
Goat leader, 18
Sparkly Vampire, 30
Butters' profile, 7
Expert 5, 2
Guest Speaker, 35
Ike Supporter, 3
Staffer 3, 11
Mouse, 23
Employee, 21
Car Salesman, 5
Player 2, 2
Cpt. Gabriel, 57
Brobee, 9
Ruby Tucker, 1
Member 6, 8
Sondheim, 75
Older Daughter, 9
Bob, 162
Female passenger, 13
Viewer 3, 5
Tom Johansen, 27
Kevin Donahue's profile, 6
Jim Brown-ish, 75
Sir 1, 11
Louse 2, 5
Nerd #1, 176
Pocket, 285
ATF agent, 51
Trainer 2, 5
Tough Boy 3, 11
Background Singers, 6
Adams County, 3
SS Agent, 19
Cardinal Mallory, 8
Reveler 4, 1
Rescuer, 11
DP Executive 1, 10
Mitchell, 214
Player 4, 5
Blue Team, 2
James Cameron, 159
Mr. Derp, 51
Other People, 1
Demon, 1
Nicole, 57
Rosemary, 11
Michael, 857
Horace, 41
Cheesy Poof Cartman, 1
Miss Information, 157
Latino Protesters, 2
Pamphleteer, 135
Melvin 4, 1
Worker 4, 29
UAA Woman, 32
KIT-9, 33
Joseph Smith, 121
Bono, 144
Programmer, 10
Elderly Woman, 108
All the boys, 6
Exec. 3, 19
Publisher 1, 72
Roger, 188
DiCaprio, 94
Nurse 1, 6
Frank Sinatra, 25
Kyle Broflovski, 36
Japanese Pilot, 1
Japanese Man 3, 6
Uncle Stinky, 9
Two Elders, 1
Mark, 462
Randy and the Boys, 2
Morgan Freeman, 183
Kyle Two, 306
Mover, 3
Richards, 88
Mr. Freely, 52
Canadian 1, 6
Pi Pi, 231
Stan and Jesus, 4
Human Wendy, 30
Man with No Limbs, 6
Former Coach, 5
Emcee, 16
Mrs. Weatherhead, 59
Mike, 224
Linda Black, 24
Bushy Eyebrows Boy, 9
Deputy 2, 2
Protesters, 20
Jill, 15
Beefcake, 63
Father, 198
Assembly, 1
Brunette, 103
Phillip Stand-in, 45
Gary Condit, 41
Mrs. Biggle, 83
Stormtrooper, 1
Wyoming Coach, 4
Volunteer, 49
Akmarh, 108
AARP member 3, 2
Black kid, 7
An Elderly Woman, 6
Manager, 331
Guy Fieri, 30
Mrs. Brown, 15
The Boy, 5
Bearded Man, 51
Predator, 9
Robot, 19
Lumberjack, 17
Sgt. Larsen, 12
Grammy, 150
Pearl, 178
Skyler, 295
Kid 4, 34
Steve Irwin, 16
Viewer 1, 7
Ringtone, 1
The boys, 23
Baker 2, 5
Blond Cop, 4
Fire Captain, 98
Resident 9, 18
PewDiePie, 122
Laura, 97
Roadie, 19
Miles, 213
Mohammad, 71
Crowd Member, 1
Male voice, 2
James Hetfield, 14
Cornwallis, 104
Lesbian 11, 2
Mormon 6, 19
Mephesto Actor, 12
Band Member 3, 4
Neighbors, 1
Patty, 15
Jimmie Johnson, 34
Skunky, 39
Greeley Officer 2, 5
Mr. Triscotti, 32
George Burns, 21
Lady, 9
Hippies, 22
Tony Hayward, 148
Italian Cardinal, 125
Member, 9
Michael Moore, 15
O'Reilly, 27
Pioneer Paul, 188
Otis, 30
Emmanuel Lewis, 40
Partner, 127
John Warzog, 71
Male Aide, 5
Naked Man, 18
Jim Lehrer, 64
Agent 6, 43
Nurse Bronski, 73
Japanese woman, 29
Liane and Cartman, 22
Kip, 99
Dougie, 229
Fat Plumber, 8
Expert 6, 18
Patron 2, 42
Buddy 2, 19
Funnybot, 205
Soldier 6, 13
Bearded man, 5
Hotline Voice, 83
Other psychics, 1
Homeowner, 85
Male Guest, 6
Will Smith, 131
Cartman on Right, 5
Garrison, 184
Photographer, 94
O.J., 5
Conductor, 67
Ms. McCormick, 18
Patron 10, 1
Therapist, 192
ALF Leader, 105
The Japanese, 7
SWAT Officer 3, 21
Twirler 1, 19
Yates, 582
Dispatcher 3, 10
Actors, 52
Grandpa, 239
Cipac, 8
Driver 3, 16
Girlfriend, 42
Sir Harrington, 63
Casey, 136
Older Boy, 81
Polly, 68
Dreadlocked PeTA Man, 9
The Scenes, 54
Danish Man, 30
Prosecutor, 76
Redneck 21, 2
Male hippie, 6
Mr. Bell, 46
Shoe Salesman, 21
Guest 1, 2
Mickey, 211
Cody, 104
Gray Hare, 4
Gerry, 79
Resident 8, 18
White Official, 31
Shoppers, 15
Geoff, 45
Groupie, 13
Gnomes, 7
Tugger, 10
Newscaster, 145
Paparazzo, 12
Border Officer 1, 22
Big Harry, 70
Evil Kyle, 42
Tiger, 110
Raisins Girl, 24
Token's Mother, 21
Japanese Delegate, 4
Member 3, 44
Female Sailor, 2
Man With Picket Sign, 3
Evan Stone, 3
Chairman, 269
Top Official, 55
Suzanne, 11
Cheerleader 2, 4
Head, 71
The Nerds, 1
Headless Horseman, 7
Michael Jackson, 26
Miner 2, 23
Bab, 8
Ninja 2, 2
Governor, 188
Obese Woman, 27
Israeli, 10
Male Psychic 1, 35
Officer 1, 363
Director 7, 15
Mint-Berry Crunch, 302
Biker 2, 58
Congregants, 6
Adults, 26
Man 25, 4
Blaine, 162
Mr. Farnickle, 8
Customer 2, 15
Female Detective, 29
Big Stan, 19
Mr. Brooks, 30
Head Waiter, 27
Biker 14, 5
Henchman, 3
Pilgrim King, 71
Pat, 188
Reenactor, 3
Transient Man 5, 78
Dawkins, 4
Goth Kids (singing), 10
Little Slave, 14
Jonas Brothers, 129
Cupid Me, 56
Whoopi, 19
Soldier 4, 35
Cardinal Mahoney, 80
Greg Nimins, 80
Sgt. Boll, 17
Lincoln, 1
Hackman, 71
Lao Tzu, 13
TV Newscaster, 24
Mrs.McCormick, 37
Volunteer 3, 35
DOI 3, 20
Muno, 15
Ethiopians, 3
DogPoo, 37
George Zimmerman, 71
Biker 5, 10
The Mayor, 224
DP Executive 5, 6
Charlie Sheen, 18
Rabbi 2, 47
Official 3, 14
Revelers, 6
Beary, 68
Babrady, 54
Both sides, 1
Boy 5, 18
Nathan's Dad, 4
Spectator 1, 14
Chet, 80
Quint 1, 44
Female singer, 41
Dr. Adams, 259
Scouts, 15
Dr. Biber, 245
Chief Stevens, 42
Dr. Carroll, 94
A Teen Boy, 11
Kid 2, 45
Security Guard, 153
OC Member, 3
Fireman 2, 64
Grizzled Man, 3
Meat Loaf, 29
Chief Running Pinto, 85
Shopper 10, 5
Jukebox, 22
God, 188
REO Speedwagon, 26
Field Reporter 3, 43
Passenger 3, 23
Manymoons, 44
Pat O'Brien, 40
Cleric 2, 15
Marsh Family, 6
Mr. Peters, 84
Cpt. Taylor, 104
Charise, 31
Pedo 5, 1
Installer, 25
Cop 2, 21
Bill Clinton, 26
Arab, 25
Paparazzo 11, 5
Agents, 2
Numa Numa Guy, 1
Hippie 3, 25
American Female, 9
Mr. Needlebaum, 17
Looter 4, 3
Harry, 143
Kyle 1, 107
Tech 1, 15
Mencia, 59
BB Founder, 121
Barbardy, 9
Joline, 49
Marty, 82
Mr. Mathers, 17
Jesus' Producer, 44
Pizza Hut Exec, 21
Frog King, 182
Minister of Sports, 30
Liane and Eric, 12
Benedict XVI, 21
Aide 3, 80
Chris/Saddam, 1
Jared, 300
White Hare, 2
Child singers, 12
Ethiopian Woman, 3
Fieldy, 94
The Males (Randy), 30
Shopper 6, 31
Policeman Brown, 19
Mitt, 44
FBI Agent, 107
Colin, 8
Edge, 36
The Boys, 117
Iggy, 58
The men, 4
Indiglo Girls singer, 8
Wall-Mart, 80
Scientist 4, 4
An Elderly Man, 1
Paul, 62
Draco, 6
Hansen, 190
Louse 12, 43
HC drivers, 1
Kim, 17
Worm, 19
Jersey People, 4
Trainer 1, 48
Some Townsfolk, 3
Rob Schneider, 6
Mr. Hat 2, 7
Denver citizens, 1
Motel Clerk, 28
Mr. Ose, 109
Osama and the Taliban Soldiers, 1
Soldier 2, 59
South Park Men, 1
Profile 4, 1
Emperor Hirohito, 36
Red Goth, 107
Clerk 2, 63
Worker 2, 125
Chinese Commentator, 106
Blonde PeTA Woman, 22
Man 30, 4
Manuel, 3
Garrison Actor, 7
A Quint, 13
Nagix, 74
Tough Boy 1, 19
Richard Tweek, 8
President, 598
Plex, 92
Lao Tse, 21
Darth Chef, 23
Ghetto Avenue Boys, 9
Zipliner, 1
Popeye, 6
Donna, 11
Man With Grey Hair, 28
Tank Driver, 14
Dispatcher 1, 22
Rumsfeld, 9
Computer, 45
Protestor #1, 7
Comedian, 89
Boy Announcer, 14
ATF lead, 145
Wonder Woman, 16
Detective, 217
Young Worker, 22
Pharmacist, 158
Crewman 1, 33
Specialist 2, 12
Angel, 20
The Men, 3
Guy with Long Hair, 2
Uriel, 53
Rick James, 17
Announcer 3, 49
Executives, 1
Kid #2, 6
Steve Bischiotti, 11
Officer Barbardy, 10
Secretary, 101
Kenny G., 25
Princesses, 24
Carol, 72
P.F. Pityef, 181
Audience, 43
Eric, 13
Musician 2, 11
Pirate voice, 29
Melvin 3, 9
Aide 1, 192
Receptionist, 303
Richie, 21
El Presidente, 143
Matthew McConaughey, 33
Nerd #2, 123
Sixth Grader 5, 10
Pedo 6, 3
Desk Officer, 2
Studio Audience, 7
Chad's Dad, 6
Sally Struthers, 93
Braided Crip, 6
Crewman 5, 7
DOI 1, 124
All Three, 3
Lead Agent Collins, 21
Ticket agent, 10
Barack Obama, 5
Followers, 10
Owners, 1
A Diner, 6
Elmo, 30
Mrs. Tweek, 56
Mrs. Wyland, 4
Murphy, 276
Fat Priest, 9
Elderlay man, 1
Obese Man 2, 8
Numa Numa, 6
Clinic Doctor, 163
Wrestler, 10
Girl in O T-shirt, 8
Two kids, 1
Group, 67
Boy 4, 40
Police Officer 2, 23
Woman 6, 5
Gates, 167
Detective 4, 12
Burger King Exec, 11
Agent 10, 9
Millie, 48
Dawson, 234
Pirate Ghosts, 2
Kevin Jonas, 1
Assistant, 189
Astronaut 1, 30
Hare 6, 5
Lorraine, 5
You And Me, 36
Mrs. Cotswolds, 47
Board Member, 28
Sphinx, 160
Angela Merkel, 10
Puffy the Bear, 11
DP Executive 6, 17
Queen Elizabeth II, 13
Female Activist, 4
Pat Sajak, 80
McCormick Parents, 1
Millionaire, 12
Gil, 4
Ex-Convict, 65
Katherine, 124
Canadian 3, 1
TV, 22
Flight Attendant 1, 7
Lion Cub 1, 34
SS Agent 2, 6
Crewman 6, 19
Franklin, 57
Purple Hare 2, 4
Redneck 14, 5
Personnel, 6
Hotline Man, 25
Hooker, 4
Otter 1, 29
UAL 3, 23
Darryl, 11
Barky, 1
Janet Reno, 104
Disciples vocalist, 8
Taylor, 24
With the Kennedys, 8
Network Anchor, 44
Other mothers, 5
Disfigured Country Singer, 104
Elderly woman, 3
Leeroy, 20
Skid Row, 28
Puerto Rican Player, 7
Worker 3, 25
Guard 5, 3
Boy #1*, 22
Bum 5, 1
Agent 4, 39
French Captain, 67
The Adults, 7
Biker 7, 15
Cheetara, 2
Donald T. Brown, 13
Officer Barbrady, 591
Cameraman, 72
Driver 3's Passenger, 12
Geddy Lee, 19
Goths, 1
Canadians, 142
Some KKK members, 1
Peter, 317
Critters, 59
Jakovasaur Kid 5, 3
Army Doctor, 5
Afghan Boys, 32
Trooper, 4
German 2, 3
Stephen Abootman, 299
Bear cub, 1
Hamlet, 102
Kyle/Cartman, 1
Mormon 2, 50
Terrance/Phillip, 7
Stagehand, 92
The Pope, 8
Trinity, 15
Gunsmith, 54
Jeff VanVonderen, 90
Alias 1, 25
Haman, 9
Scary Assistant, 17
Blanket, 148
Greenfield, 176
Elder, 118
OC Members, 14
The group, 5
The Family, 1
Reporters, 4
Another Man, 2
Elderly Voice, 4
Patron 9, 7
Subway Rep 2, 26
Flight Attendant, 126
Hazmat man, 4
Murderin' Murphy, 34
SWAT Officer 1, 11
UAL Leader, 7
Glen, 76
A Voice, 85
Pete, 472
Hippie 5, 10
Mrs. Turner, 65
Monkey, 2
Steamy Nicks, 4
Hildog Fan, 3
Bum 10, 1
Sidney Poitier, 40
BSM-471, 213
Lars Ulrich, 19
Dr Adams, 19
Gnome 2, 79
Field Reporter, 856
Audience Member, 3
Patron 3, 36
Robert, 156
Gram'ma, 7
Man With No Face, 35
Bum 15, 1
Stripper, 16
Tommy, 31
Dylan, 26
Phyllis, 50
Karen, 117
Record Producer, 164
Redneck 26, 4
Dr. Tonton, 36
Announcer 2, 73
Narrator, 1474
Teen girl, 32
Louse 11, 6
Man 12, 45
Gas Mask PeTA Member, 14
Shelly, 512
Choir Boy, 32
Aunt Jemima, 40
Dennis, 20
Rachel, 34
Randy, 3827
BBC Anchor, 27
Jr., 11
Expert 2, 47
John Cena, 22
Donald Trump, 1
Mitch, 122
Men, 39
Master, 65
Shopper 3, 36
Announcer, 2020
The Parents, 22
SWAT Officer, 5
Stephen Stotch, 26
Game Voice, 7
Cows, 4
Field Reporter 1, 77
Shopper 1, 39
Stanley, 3
Allyson, 134
Emo Boy 2, 11
Flight Attendant 3, 6
Judge 2, 15
Kobe Bryant, 37
Reporter, 1315
Alan, 23
Ben Roethlisberger, 3
Bums, 5
King, 64
Bill's hologram, 13
Teen Boy 1, 10
Teens, 1
Leroy, 31
Inmates, 1
Reveler, 2
Bea Arthur, 2
Designer, 33
Confederate 2, 14
Dan Akawa, 90
Japanese Man 1, 6
Shopper 12, 3
Biker 12, 5
Soldier, 124
Profile 3, 1
Reporter 2, 221
Director 10, 5
Cashier, 166
Storm Trooper, 12
Redneck 9, 8
Skynard Man, 4
Snoop Dogg, 89
Older Girl, 1
Fire Chief, 7
Redneck 6, 6
Quint 5, 12
Bum 8, 1
FC Batter 1, 2
Marine, 6
Iraqi Man 1, 2
Paris Hilton, 14
Another boy, 2
Mr. Hammerhead, 2
Angel 6, 5
Canadian 2, 3
Little Vamp, 11
Lil Kim, 3
Man with Foot on Head, 114
Pit Crewman, 23
Townsman 17, 1
Really Shocked Man, 2
Frida, 14
Female hippie, 6
Chip, 1
UAL 1, 19
Spectators, 4
Schroeder, 2
Munky, 42
Summit Host, 14
Mousey, 45
Audience Members, 13
Badger, 18
Pastor Phillips, 50
Junichi, 85
Televangelist, 13
Roy, 124
Black Bailiff, 2
The Coon, 344
Shopper, 9
Brunette 2, 2
Patron 6, 17
MJ's Hologram, 14
Vivian, 10
Fat Abbot, 96
Kitty, 15
Sinéad, 17
Other Girls, 1
Clerk 4, 67
Center, 33
Scuzzlebutt, 3
OC Member 2, 10
Crip, 16
Ryan, 127
Ms.McCormick, 2
Bum 17, 3
Resident Bishop, 30
Boy 3, 47
Iggy's Ass, 6
Robert Smith, 46
Mormon 4, 14
Isiah, 25
Pueblo Team, 2
Older Man, 93
Old Woman, 18
Chef Actor, 33
Stella, 149
Rumpertumskin, 64
Cleric 3, 32
Head Agent, 7
Steve Black, 59
Doctor 2, 65
Chris Crocker, 14
Otter Soldier, 4
Alien 2, 23
SNN Correspondent, 77
Millionaires, 2
Promoter, 86
Thumper, 141
Angel 9, 6
Marksman, 12
Student 2, 15
Pink Hare, 43
Steve, 371
Farmer 2, 17
Elin, 54
Minister, 367
AARP leader, 43
Ohrlich, 80
Jarvis, 19
Mom, 136
BP Man 4, 3
All five quints in unison, 5
Reporter 5, 7
Aide 2, 195
Butter's Voice, 7
Female Agent, 28
Bobo, 48
Umpire, 29
part II, 68
Chef, 1967
Man 11, 77
Male Staffer, 48
Guard, 183
Detective 3, 34
Princess Diana, 9
Janitor, 71
A Guest, 8
Star Wars Kid, 21
Ghost, 17
City Wok Owner, 42
UAA Member 1, 28
Michael Douglas, 1
Smalls, 111
Resident 14, 4
Patron 8, 26
Pirate 5, 30
Bar Patron 2, 18
Lab Tech 3, 7
Dr. Land, 44
FBI agent, 6
Male, 42
Moroccan Cardinal, 19
Dark Cub, 8
Mob, 14
A ring tone, 4
Teabag, 187
Guard 8, 14
Lead Biker, 240
Annoncer, 48
An Aged Voice, 1
Chef's dad, 73
Researcher 3, 3
Other Goths, 1
Tiger Woods, 15
Heidi, 108
Evil Stan, 38
Louse 4, 6
Dr. Phillips, 148
Robber 2, 27
Postman, 36
A woman, 12
Collins, 1
DP Executives, 4
Girls' Table, 27
A Fangirl, 4
DA, 94
Gene Siskel, 2
T-Shirt Vendor, 8
Captain Bly, 11
Drummer, 3
Man 2 in Crowd, 1
Travolta, 58
Larry King, 137
Pirate Choir, 6
Lil Mr. Garrison, 17
and Pete, 4
Nichole, 154
Large woman, 18
Future Cartman, 50
Woman 5, 14
Teen boy, 15
Resident 12, 14
Mr. Grazier, 132
Guest 4, 1
Goat, 8
MC, 214
AARP member 2, 1
Lion Cub 2, 34
Older brother, 4
Judge 1, 37
Subway Rep 3, 17
Voice, 192
Worker 1, 142
Postmaster, 56
Frat Boy 3, 19
Suzette, 26
Persian 2, 51
Man with Mustache, 6
Center Judge, 59
Instructor, 110
Mr. Kim, 269
Ms. Havisham, 203
Charlotte Poll Worker, 9
Betsy, 149
A bishop, 33
Aussie, 165
Mr. Evans, 180
Death, 4
Coucilman, 13
Bum 13, 6
Everyone, 32
A Musician, 5
Squirt 1, 8
Protester 6, 1
Mrs. Campbell, 27
A counselor, 8
Profile Stan Marsh, 63
Linda, 721
Alien, 233
Cartman's Conscience, 12
Female director, 15
New Teacher, 14
Seaman, 78
Gavin, 53
Blonde 2, 7
Dr. Doctor, 752
Townswoman, 19
Agent 11, 6
TiVo, 4
Anderson Cooper, 58
Garth, 7
France, 14
Louse 8, 5
Protester 7, 3
Police Radio, 4
FDA Agent 1, 2
A Protester, 2
Louse 1, 3
Marcus, 71
Refugee Man 2, 26
Accordionist, 4
Man 5, 127
Grant, 41
Vampir, 170
Ted Koppel, 111
Guest 2, 7
Female director 2, 7
Mamsie, 21
BHI President, 77
Paolo Captain, 38
Recruiter, 27
Tong Leader, 163
Angel 4, 11
Honey Boo Boo, 69
Doorman, 36
Farmer Friend 2, 44
Otter 2, 4
Christina Naylon, 42
Staff, 4
Ted, 17
Audience members, 4
Brad Morgan, 79
Secretary 1, 7
Player 6, 7
Businessman, 14
The South Park boys, 1
Steve "Last Call", 21
Blonde Mother, 16
Man 4, 190
Lucas, 37
Chinese Officer, 3
Native paddler in vest, 3
Priests, 4
Jersey Man, 19
Talent Scout, 54
Driver, 395
Pam, 13
Black Member, 10
Teen 2, 32
Cartman's voice, 4
Convict 2, 14
Riley, 40
Carson, 39
Paul Allen, 19
Player, 93
Talk Show Host, 26
Mrs. Hakeem, 22
Deckhand, 4
Agent 5, 21
Protester, 24
Mackey, 219
Karin, 36
Bill Cosby, 89
Brunet Boy, 16
Baahir, 22
Jack, 168
Her crotch, 48
General Tso, 86
Fillmore, 31
Helen, 4
Old Man, 18
Patron, 23
A Boy, 93
Morpheus, 200
Mrs. Joe, 77
Pharaoh, 78
Bart, 56
M, 29
R. Booth, 13
Mrs. Cartman, 20
Al-Zawahri, 37
Mother 2, 15
Phil, 230
Butt Out! Man 3, 2
Jada Pinkett Smith, 23
Jimmy, 1807
Rep, 54
Lolly, 71
Hasselback, 2
Shopper 13, 7
Runs with Premise, 198
Senator 1, 25
AAA Leader, 39
Petey, 200
Caller 1, 12
Boy #1, 14
Nurse 2, 10
Black Bouncer, 7
Rescuer 5, 4
Nathan, 425
Black Player, 15
Walter Cronkite, 52
Geldon, 5
Board Rep 1, 29
Kurt's hologram, 34
Elderly Man 6, 14
Nurse Gollum, 193
Occupant, 6
Jeff Arrando, 20
Child, 7
Mercedes, 177
Prostitute, 5
DP Executive 4, 3
Tom Hanks, 25
Trainer, 83
Ms. Choksondik, 681
Man 27, 4
Martha Stewart, 121
White Bouncer, 8
Geologist 2, 36
Boy 2, 132
Carlos Ramirez, 56
Stage hand, 3
Mrs. Crabtree, 13
News 4 Anchor, 64
Colleague, 3
Leonardo DiCaprio, 12
A Santa, 33
New Kid, 1
Ho, 5
Miss Travis, 15
Stephen Tamil, 30
Kylie's Mom, 12
Scout Leader, 2
Thin Cop, 38
Purple Hare, 1
Voices, 8
Bum 12, 2
Female Nurse, 5
Reporter Chris, 99
PS4 Army, 3
Salon Girl, 21
Lead Knight, 63
Flight attendant, 28
The Males, 23
Tweek, 515
Jakartha, 54
Photographer 4, 3
Randy Marsh, 2
Laborer 5, 32
Lisa, 147
Dental Floss, 25
Officer 3, 112
Brad, 3
Agent, 310
Performer, 1
Blood 6, 3
HC Driver 5, 9
Redneck 11, 22
Jai, 23
Wrangler, 5
Leonard Maltin, 206
Cowlick Vampire, 9
George Bush, 57
Pirate, 3
Angels, 4
Speaker, 166
Shades Vamp, 9
Queen Gertrude, 12
Gelgamek Cardinal, 40
Police Chief, 73
Refugee Man 5, 67
Older Woman, 13
Some adults, 2
Mr. Stevenson, 86
Purity Boy 2, 14
Student 1, 35
Man in background, 2
Mr. Biggle, 78
Cee Lo Green, 22
Man in Brown Shirt, 8
MJ's hologram, 66
Filmore, 97
Geraldo, 135
Head of Public Safety, 36
Bishop 1, 1
UAL 2, 12
Mr. Donaldson, 139
Profile 6, 9
Cous-Cous, 11
A Woman, 37
Lead Vampire, 22
Mr. T, 5
Toss-A-Ball Operator, 26
A Driver, 12
Trainer 3, 13
Hitler, 21
An Older Girl, 3
Luke Skywalker, 95
Right Creature, 3
Supporter 1, 38
Victoria, 1
Phillip, 605
Inductee 2, 2
Jimmy Kimmel, 27
Some boys, 1
Females, 18
Choir, 118
Elder Harris, 47
Guy in Leather Jacket, 2
Mrs. Streibel, 6
Squirrelly Squirrel, 56
KFC Exec, 40
Rabbity, 44
Denver Guard, 6
Rex, 1
Sixth Grader 6, 11
Moroni, 73
Prerecorded Voice, 5
Ladies, 1
Ambassador, 51
French Delegate, 40
Guard 2, 148
Black Plumber, 25
Elderly Passenger, 12
Louse 5, 7
Mr. Billings, 137
Jambu, 126
OC Leader, 58
Sarah McLachlan, 64
Clerk, 479
An Agent, 3
David Duchovny, 3
Enrique Iglesias, 7
China, 24
Blond Girl, 20
Passenger 4, 7
Male Counselor, 28
Miner 4, 5
Man in audience, 3
Commentator 1, 61
Anthropologist, 82
Somali 1, 4
Contestant, 10
Specialist, 97
Steve Nelson, 14
Otter 3, 4
Cheerleaders, 41
Jared Fogle, 14
Saddam/Chris, 8
Pat the Hammer, 18
Viewer 2, 4
Skier, 2
Crowd members, 3
Nick, 33
News Anchor, 442
Redneck 13, 58
Townsman 12, 1
Lamond, 192
Another Cardinal, 30
Poodle, 1
A Quarantine, 6
Evil Cartman, 159
Prop. 10 Supporter, 4
Biker 11, 7
Male passenger, 8
Paratrooper, 4
The Streible Girls, 1
Jonesy, 78
Johnson, 72
Protester 1, 19
The Three Spirits, 5
The Ghost of Human Kindness, 130
Bat dad, 21
Token's father, 10
Smith, 226
Elderly Man 3, 6
Grandma, 99
Snooki, 9
Hockey Player, 13
Sky-fi Reporter, 52
Pops, 36
Spy Angel, 26
Tech, 5
Quint #2, 8
Specialist 4, 12
Gambler 1, 10
FBI Agents, 1
Tech 4, 44
MJ Hologram, 43
Duncan Everton, 18
Sergeant, 103
ISIS Spokesman, 13
Firefighter, 8
Singer, 456
Bebe's Mom, 80
Tele's Owner, 36
Some Guy, 1
UPS Man, 98
Johnny Knoxville, 10
Thom, 110
Staffer 1, 22
Fan, 3
Sixth Grader 1, 121
Angel 12, 6
Redneck 15, 5
Band, 7
Frat Boys, 1
Attorney, 225
Blonde PeTA Member 2, 24
Cher, 15
Lady 1, 44
Congressman 3, 21
Robot Guard, 1
Butt Out! Man 1, 17
Everybody, 31
Senator 2, 41
Music Instructor, 51
Uncle Murray, 6
Inductee 1, 2
Thomas, 438
Fosse, 84
Butt Out! Man 2, 11
McCain, 169
Paparazzo 10, 16
Agent Sharp, 24
Zazul, 39
Trucker, 53
Darryl Weathers, 290
Little Girl, 25
HBC President, 131
Another fan, 1
Krishna, 71
Center 1, 3
Laborers, 4
Sid, 63
Other Musicians, 6
Older kid, 7
Ganz, 128
Suicide 3, 1
Joanie, 2
Bradley, 146
Chief, 164
Crab Solo, 5
White Bailiff, 6
Voice-over, 114
Some People, 1
Director 4, 21
Assemblywoman 1, 23
Farmer, 72
Token's Father, 3
Director 5, 34
Blond Boy, 2
Goodly, 23
HC Driver 2, 1
The Class, 8
Middle Prostitute, 8
Man 10, 86
Another addict, 3
Satan, 798
Solders, 4
Assemblyman 4, 14
Profile 2, 9
Kids at Finish Line, 7
Polly Prissy Pants, 24
Chubby Official, 81
Scoutmaster 1, 17
Lars, 26
Head Scoutmaster, 84
Robot Monkey, 1
Michael Deets, 103
Mayor McDaniels., 5
DMV Official, 31
Commentator, 179
The Lords, 12
Goateed man, 15
Pope Benedict, 74
Bar Patron 1, 24
Bill Gates, 18
Henrietta's Mom, 26
Quint 2, 49
Uncle Howard, 11
Candice, 41
Police Chief Stevens, 30
Floating Man, 1
Lion 1, 11
Fire Marshal, 100
Sony President, 55
Diner 1, 13
Rick..., 5
Sheriff, 11
Miss Stevenson, 183
Mrs. Farnickle, 69
Japanese Man 4, 3
Officer 2, 236
Michelle, 212
Chef (recording), 5
Ellen, 48
Townsman 16, 7
Host, 336
Matthew, 4
Brunette Nurse, 7
Resident 13, 4
Border Guard, 6
Suitcase, 7
Brett, 93
UAL Aide, 15
Bum 14, 7
Intruder, 83
Kanye West, 4
Nathan's Mom, 48
Man In Middle, 13
Player 70, 19
Publisher 2, 74
Tall Crip, 10
Cartman Smurf, 40
Jay Leno, 55
Secure group, 1
Bailey, 51
Programmer 1, 2
Tracy, 43
Sound Engineer, 22
Rookie Guard, 9
Man 16, 18
The Cubs, 6
Profile 5, 7
Israeli 2, 7
Man 24, 4
A director, 2
Dimitri, 20
Veteran Guard, 119
Another Mayor, 50
Mr. Tenorman, 36
Wolf Blitzer, 34
Boy in Blue Vest, 80
Foxy, 41
Twirler 4, 8
Patron 4, 2
Pilgrim Girl, 1
Laborer 4, 12
Wayne D, 53
Hemorrhoid, 2
Kindergoth, 21
Flight Attendant 2, 3
SNN reporter, 45
Denver Player 4, 9
Farrah Fawcett, 6
Wally B., 6
AARP lookout, 3
Programmer 5, 6
Butters and the Freaks, 44
Larson, 44
House, 33
Jonathan, 245
Sussan, 9
Tom Cruise, 325
Sixth Grade Leader, 74
Chief David, 124
Other Bikers, 6
Hillary Clinton, 37
Bartender, 63
Garrison 2, 10
BBC Announcer, 5
Lady Judge, 31
Kyle/Stan, 1
FC Catcher, 6
Tom and Mary, 3
Tour Guide 2, 34
Sea Otters, 2
O.J. Simpson, 17
Butt Out!'s Kyle, 36
The Others, 1
A caller, 22
Border Officer 4, 20
Gang Members, 28
Boy 1, 193
New Mormon, 8
Crab Man 3, 22
Resident 4, 74
Denver Poll Worker, 25
Jenkins, 31
Townsman 8, 4
SP Cabbie, 68
Rudy, 24
An officer, 23
Amanda, 59
Les Claypool, 34
Billy Mays, 148
Stingray Announcer, 33
Controller 1, 13
Travis, 230
Pig, 12
Beavery Beaver, 24
Iraqi, 10
Crewman 3, 25
Bobby Flay, 28
Border Officer 3, 7
Lil Kathie Lee, 53
Hankey Elf, 16
Controller 2, 21
Nick Jonas, 2
The King, 8
Reporter 1, 123
Snarf, 39
Michael Collins, 48
Mother Lion, 5
Redneck 2, 4
M. C., 30
Gnome 3, 6
Tom, 649
Maury, 254
Mormon 1, 45
Boys, 137
Hippie 1, 22
Neely, 20
Bible Vendor, 5
Cartman's Side, 1
Tuong, 207
Tough Guy 2, 14
Broker, 27
Marsha, 24
Annie, 64
Mrs. Harris, 21
Hares, 17
Sarah Valmer, 6
Soldier 1, 42
Tony, 78
Alien Carl, 7
Larsen, 70
Ranger Pete, 55
Jim Rome, 168
Jakov, 199
Father Maxi, 243
Obese Man, 2
Lowes Pit Boss, 11
Ms. Williams, 20
Captain, 264
Refugee Man 3, 21
Jeffrey Maynard, 68
Satan/Chris, 1
Small Group, 7
Ginger Girl, 3
Spiky Vamp, 6
Strawberry Shortcake, 7
Pimp 2, 48
Cruise, 86
Lambtor, 15
R. West, 23
Center 2, 11
Ginger 4, 12
Female Anchor, 21
Reenactor 1, 1
Snetzl, 118
Charlie Brown, 11
Gretchen, 17
Waiter, 67
A few Congressmen, 5
Man 22, 4
Agent 2, 134
Chef (falsetto), 48
Emmett, 13
Agent 7, 29
New Yorker, 13
Officer 5, 65
Townsman 13, 4
Paparazzo 5, 2
Man On Crutches, 3
Blonde Protester, 10
Kathie Lee, 36
Romanian Official, 49
Mephesto Tryout, 13
Lion-head Alien, 21
Mall Hankey, 39
Subway Representative, 64
Mr. Hardly, 93
Brett Favre, 9
Kid 5, 3
Pedo 7, 5
FC Fat Player, 7
Tupac's Hologram, 17
Beast, 11
Whispers, 7
Sports Reporter, 12
King Claudius, 23
Bush, 257
A British Person, 247
Nut Gobbler, 93
Ms. Sanders, 39
Father Barnes, 15
Herbert Garrison, 285
Scoutmaster 2, 26
M.C., 146
Patron with hat, 13
Two Guys, 2
Both Kyles, 1
al-Zawahri, 39
Sparrow Prince, 78
Townsfolk, 99
Thad, 23
Barkeep, 104
Raisins Girls, 4
Billy, 215
Bouncer, 60
Charles Biggens, 29
Scientist, 136
Manson, 266
Mr. Geiger, 9
Transient Man 2, 19
Motorcycle Driver, 1
Funbot, 5
Mr. Pratt, 41
Roland, 5
Woman 4, 57
Congregation, 40
Mr Mackey, 16
Resident 11, 8
Bum 18, 1
Hippie 6, 6
The Nuggets, 1
Archangel, 12
Jersey Woman, 7
Agent 1, 128
Ed, 24
Older man, 141
Joe Strummer, 34
Tow Truck Driver, 2
Denver Goalie, 4
Pip, 555
The Kids, 4
Pirate Ghost 2, 1
Publisher, 66
Fat Boy, 23
A few others, 1
Males, 12
Mohawk Vamp, 4
Vernon, 33
Fanciful Mayor, 200
Left, 25
Banker, 8
Soccer Captain, 7
Millionaire Protesters, 4
Suicide 4, 1
Man 32, 4
CEO, 24
Angel 5, 25
Barbrady Actor, 29
Michael Dorn, 55
Peter Griffin, 20
KKK Members, 9
Short Man, 23
Left Creature, 1
Blonde Girl, 83
Anchorman, 391
Girl in Puppy T-shirt, 21
Dr. Phil, 89
Mr. Varcas, 44
Kid Magician, 1
Vocalist, 6
Another kid, 2
Damned Soul, 3
Principal, 57
Mrs. Appleby, 33
Dick Cheney, 6
Angel 3, 41
Townsman, 92
Other Vamps, 1
Muslim 2, 12
New Director, 8
Deputy 1, 15
The Office, 2
Mrs.Tucker, 6
TCO Reporter, 23
UAA Leader, 134
Ms. Crabtree, 268
Garrison 1, 10
Computer Voice, 22
Av 3, 6
Hare 2, 2
Dickinson, 62
George Lucas, 94
Nancy, 58
Yanogapa 1, 1
Meredith, 22
Francis Ford Coppola, 14
Connor, 2
Balding Man, 159
Gary Sr, 22
Pirates, 11
Future Stan, 166
Kansas, 20
Tech 3, 40
Pianist, 14
Postem, 17
Right Breast, 20
Purry, 1
The KKK, 4
the Coon, 6
Photo Seller, 16
Bum 2, 3
Jimmy Buffett, 45
Girl in Pink, 105
Café Monet diner, 7
CIA Vice Head, 51
Seniors, 13
Pirate 2, 21
Jakovasaur Girl, 1
COCKA-3, 7
Mr. Mackey's Father, 11
Blaintologist, 17
Officer 4, 73
Kurt Loder, 108
Man 17, 6
Alice, 3
Board Rep 2, 25
Hard Candy, 6
Paparazzo 12, 12
Redneck 3, 3
Richard Tweak, 290
Umpire 2, 29
Security Agent, 103
An Official, 6
Persians, 1
Justin Bieber, 7
Paparazzo 6, 11
Bald Knight, 9
Judge Julie, 120
Buff Crip, 101
Record Executive, 247
An Officer, 16
GS-401, 73
Kip's Mom, 52
Mechanic, 262
Resident 10, 5
Richardson, 36
Indian Ambassador, 8
Supporter, 3
Crip 2, 9
Theme, 4
Psychic, 56
Autumn, 86
BP Man 2, 4
Others, 21
Anne, 2
Suicide 5, 1
Choir Girl, 31
Rob Reiner, 373
Programmer 2, 16
Melissa, 12
Florence, 48
Sheila Broflovski, 32
Ticket Salesman, 108
Lou, 68
Tammy, 190
Queen Spider, 16
Woman 2, 165
McDaniels, 15
Goodell, 92
Fed, 7
Frankenstein Alien, 27
Girl with Blue Vest, 3
Patron 5, 3
The Phantom, 5
Chauffeur, 28
Research Leader, 198
Spokesman, 85
Aliens, 7
Tour Guide, 313
Crab Man 2, 33
Shlomo, 17
Brian, 304
Guard 4, 7
Blonde 3, 1
Guard 3, 46
Other Townsfolk, 1
Burns, 42
Mr. Garrett, 92
Hammerhead Man, 5
Boat Ride Singers, 21
Yao, 42
Police Officer, 42
William, 59
Elvis' Hologram, 15
Zombie Mortician, 3
Coordinator, 110
The Other Kids, 1
Vanessa, 28
Inmate, 16
Man in Shorts, 19
Mr. Mackey, 1932
Crip 1, 2
Artist, 13
Mick, 60
SP Team, 6
Greeley Officer 1, 18
Mr. Thompson, 138
Grandpa Marvin, 8
Brown Hare, 2
Teen Boy 8, 13
ESPN Host, 122
Yanogapa 2, 1
Third Graders, 6
Jeffrey, 92
Surgeon-General, 59
Mormon 5, 3
Judge 4, 24
A Congressman, 16
Uncle Budd, 31
Damla, 13
Tom Brady, 3
Voice 2, 7
Weird Man, 20
Spectator 3, 1
Deck Hand, 13
Singers (Widelife), 30
DC Crewman, 5
Peg-leg, 2
Quincy, 92
Ralph, 22
Stan Marsh, 13
Anchorwoman, 13
Sixth Grader 4, 19
Kid 1, 45
All three men, 1
Park County, 5
Tom Shane, 4
Beavery, 84
Line Ride Operator, 26
HC Driver 4, 1
Ghost 2, 60
Miller, 40
Roulette Dealer, 4
Director 9, 2
Male 1, 40
Border Officer 2, 144
Dick Dastardly, 4
Marklar Leader, 46
The Team, 1
DC Captain, 22
Army Official, 39
Employee 1, 7
Dr. Schwartz, 64
Moses, 133
Voguing Skier 2, 8
David, 176
Both men, 1
Female announcer, 44
Susan92's profile, 9
Mr. Tucker, 28
Reveler 3, 1
DP Executive 3, 23
Jefferson, 47
Gnome 5, 17
Pirate 4, 39
Coach, 291
Purity Boy 1, 37
Teen Boy 5, 12
Black Official, 28
Dr. Spookalot, 17
Frakes, 9
Best Buy President, 23
Pilgrim, 34
Man 18, 4
Top Official 2, 28
Dr. Shay, 69
FC Announcer, 27
Many Men, 4
Passenger, 117
Iraqi General, 64
Social Worker, 63
Squirt 2, 21
Camp Warden, 107
Collector, 16
Female Gambler 1, 5
Police Officer 1, 2
Felipe, 6
Tape, 28
Steve Forbes, 13
Ma'am, 14
Mandy, 14
Male Crew 1, 7
Toothbrush, 13
The Broflovskis' Answering Machine, 9
BP Man 3, 13
Filmore's Supporters, 1
Pricipal Victoria, 32
Mormon 3, 1
HazMat official, 8
Jay, 8
Teacher, 190
Student 3, 1
FBI Negotiator, 6
Beat-up Boy, 1
Priest 2, 27
French Cardinal, 24
Musician 3, 1
Leader Turkey, 2
Congressman 1, 22
Elise, 102
Parents, 9
Joseph, 1
Hippie, 44
With Demons, 3
Bar Patrons, 2
Kanye (backup singers), 94
Butters, 3888
Farmers, 1
Blonde, 158
Second Baseman, 7
One of the Cubs, 1
Otters, 2
Lesbian 10, 11
Paparazzo 2, 4
Grampa, 196
Landlord, 12
Transient Man 4, 24
Jakovasaur Boy, 6
Female Staffer, 12
Mr. Allens, 38
The Ladies, 1
Terrorist #1, 4
Mime, 106
Kindergartner, 12
A guest, 7
Cowlick Vamp, 20
Medicine Man, 20
Russell Crowe (off-screen), 5
Apple Tech, 8
Nellie, 63
Assemblyman 2, 24
Mr Garrison, 4
Linda Stotch, 17
Alias 2, 10
Doctor Pal, 134
Lambtron, 13
Ginger 2, 18
Female Gambler 2, 8
Passengers, 8
Robert Redford, 106
Siimon, 4
Worker, 137
Congressman 2, 38
Chef's mom, 43
Anchorman Tom, 98
Hippie 2, 34
Pink Monster, 20
Bodybuilder, 9
Pirate 7, 6
People's Army Leader, 57
Clown, 8
Gene, 19
Club Members, 2
Man In Yellow Jacket, 4
Kid, 30
Tooth, 13
Specialist 1, 72
Pablo, 56
Kenny, 1020
Pope Francis, 16
EFSM President, 59
Michael Richards, 1
Director 2, 100
Blood 2, 8
Red-Haired Woman, 22
Whistle, 2
AARP member 1, 4
Redneck 20, 8
John Travolta, 48
Lift Operator, 10
HC Driver 7, 33
Laborer 3, 3
David Lee Roth, 17
Ginger 1, 47
Crowd, 126
Satan and Males, 1
Cowboy 1, 4
OC Member 3, 26
Elderly Woman 4, 10
Motorcyclist, 1
Chief Aide, 90
Players, 2
Bum 1, 3
Stage Hand, 18
Kyan, 55
Chickadee-y, 49
Mr. Tweek, 10
Bob Dole, 22
Pirate 6, 14
Man 23, 4
The Women, 1
Left Breast, 16
Townsman 15, 5
Fleetwood Mac, 14
Doctor's assistant, 2
Henrietta, 362
Aide, 192
Mrs. Landis, 28
Head nurse, 9
Female, 30
Toolshed, 234
Milly, 29
Bronco 1, 6
Barber, 11
Don, 54
Diner 2, 14
Stuart and Mrs. McCormick, 1
Zytar, 39
Apple Man 4, 4
Director 3, 91
Caroline, 25
Redneck 28, 4
Woman Supporter 2, 4
Britain, 41
Dentists, 2
Fan 1, 19
Big Woman, 20
Stout Man, 1
Some Folks, 1
Residents, 7
Lead Scientist, 151
Farmer Carl, 58
Bonds, 6
Black boy, 1
Hare 7, 5
Jennifer Lopez, 188
Dale Earnhardt, 11
Both, 74
Gnome 1, 43
Dispatcher, 16
VJ, 24
Millionaire 1, 6
Bundy, 114
Director 1, 52
Dean, 308
Blonde PeTA Member, 10
Meredith Vieira, 18
Woman Supporter 1, 7
A Bishop, 4
Madman, 16
Elderly Woman 2, 9
Top Girl, 5
Crowd outside, 19
Sarah, 92
Officer Bob, 3
Other students, 2
Electronic Head, 13
Terrance & Phillip, 28
A Guard, 3
The Girls, 25
Senator 4, 11
Alarm, 12
Male Psychic 2, 25
Other Members, 9
Mrs. Brooks, 36
Other man, 3
A Nurse, 13
Attendant, 43
Bill, 266
Patrons, 8
Townsman 5, 10
Mr. Streible, 72
Mr. Brown, 74
Butt Out!, 30
Taller Boy, 34
Townsperson 2, 6
Monitor Man, 2
Programmer 3, 5
Patient, 5
Galeed, 75
The Gintses, 1
Man 29, 4
Stinky, 27
Hare 5, 8
Man 20, 4
Fireman 3, 3
Carl, 36
Exec. 2, 63
A Member, 2
Train Conductor, 30
Transient Man 3, 21
Water Tester, 160
Black Man, 13
Jordan, 3
Mr. Twig, 53
Boy in glasses, 6
Cow, 13
Officer Harris, 7
Girl with Brown Coat, 3
A British person, 44
ESPN Announcer, 12
Third Official, 15
Analyst, 11
Secure Group, 1
Lead FBI agent, 17
Superman, 42
Marklar dispatcher, 7
Biker 8, 5
The Freaks, 6
Kids in Class, 2
Girl In Pink, 5
Female Reporter 2, 14
SWAT rescuer Hansen, 1
Dentist, 76
Elderly Woman 7, 5
Black Vamp, 88
Tucker, 86
Clerk 1, 35
Customer, 57
Real Mackey, 14
Pinkerton, 129
Jakovasaur Kid 1, 3
Dr. Neeland, 85
Amber, 23
Vince, 52
Alan Jackson, 64
The Jonas Brothers, 7
